park_name,species_richness,shannon_wiener_index,species_evenness
bryce national park,5541,8.742309786843258,1.014197274706259
great smoky mountains national park,5541,8.725755802841444,1.0122768433935372
yellowstone national park,5541,8.760403106716716,1.0162962847108767
yosemite national park,5541,8.754435294717144,1.015603957532648
